id,status
796584325,True
1404218660260962313,True
295218901,True
1461735478172925955,True
1308196317852655618,True
14192340,True
1411178137866670083,True
1039833297751302144,True
816829962690981888,True
1470127868277444610,True
1442906958,True
1392273891322523649,True
1351587112521510917,True
1391537561584115715,True
1218045749960855553,True
1128343607729987584,True
956543213900361728,True
731467219,True
1004137473679679488,True
237417499,True
136136326,True
2467791,True
91478624,True
3108351,True
34713362,True
468741166,True
14861285,True
380749300,True
5402612,True
428333,True
759251,True
11348282,True
807095,True
13298072,True
50393960,True
34743251,True
44196397,True
2409543974,True
2893781170,True
1504937972453371908,False
